                  epoch,         train/box_loss,         train/cls_loss,         train/dfl_loss,   metrics/precision(B),      metrics/recall(B),       metrics/mAP50(B),    metrics/mAP50-95(B),           val/box_loss,           val/cls_loss,           val/dfl_loss,                 lr/pg0,                 lr/pg1,                 lr/pg2
                      1,                 1.4025,                 4.1125,                 1.3491,                0.00333,                0.84211,                0.45422,                0.23387,                 1.2948,                 3.9377,                 1.0847,                 0.0002,                 0.0002,                 0.0002
                      2,                 1.0266,                  2.262,                 1.0432,                0.00354,                0.89474,                0.42098,                0.26197,                0.91564,                   3.77,                0.96762,             0.00033684,             0.00033684,             0.00033684
                      3,                 1.0465,                 1.8425,                 1.0046,                0.00375,                0.94737,                0.41237,                0.23882,                0.98982,                 3.7674,                0.95791,             0.00038656,             0.00038656,             0.00038656
                      4,                0.98236,                 1.7918,                0.97061,                0.00375,                0.94737,                0.69355,                0.46738,                0.95007,                 3.5609,                0.94623,             0.00034916,             0.00034916,             0.00034916
                      5,                0.98041,                 1.5068,                0.94512,                0.00375,                0.94737,                0.67516,                0.47053,                0.99325,                  3.468,                0.95032,             0.00022464,             0.00022464,             0.00022464
